{
  "method": "A* route on downsampled TMC-2 accessibility, cold-trap proxy, and solar-power penalty rasters.",
  "start": {
    "label": "LZ-A",
    "row_col": [
      307,
      307
    ]
  },
  "goal": {
    "label": "SCI-B",
    "row_col": [
      344,
      343
    ]
  },
  "path_pixels": 44,
  "path_row_col": [
    [
      307,
      307
    ],
    [
      308,
      307
    ],
    [
      309,
      307
    ],
    [
      310,
      308
    ],
    [
      311,
      308
    ],
    [
      312,
      308
    ],
    [
      313,
      309
    ],
    [
      314,
      310
    ],
    [
      315,
      310
    ],
    [
      316,
      310
    ],
    [
      317,
      310
    ],
    [
      318,
      311
    ],
    [
      319,
      312
    ],
    [
      320,
      313
    ],
    [
      321,
      314
    ],
    [
      322,
      315
    ],
    [
      323,
      316
    ],
    [
      324,
      317
    ],
    [
      325,
      318
    ],
    [
      326,
      319
    ],
    [
      327,
      320
    ],
    [
      328,
      321
    ],
    [
      329,
      322
    ],
    [
      330,
      323
    ],
    [
      331,
      324
    ],
    [
      332,
      325
    ],
    [
      333,
      326
    ],
    [
      334,
      327
    ],
    [
      335,
      328
    ],
    [
      336,
      329
    ],
    [
      337,
      330
    ],
    [
      338,
      331
    ],
    [
      339,
      332
    ],
    [
      340,
      333
    ],
    [
      341,
      334
    ],
    [
      342,
      335
    ],
    [
      342,
      336
    ],
    [
      343,
      337
    ],
    [
      343,
      338
    ],
    [
      343,
      339
    ],
    [
      344,
      340
    ],
    [
      344,
      341
    ],
    [
      344,
      342
    ],
    [
      344,
      343
    ]
  ],
  "estimated_distance_m": 13626.540720185854,
  "relative_cost": 173.1892886493606,
  "solar_power_metrics": {
    "mean_illumination_score": 21.48772793907199,
    "min_illumination_score": 0.0,
    "low_power_segment_pct": 72.72727272727273,
    "mean_accessibility_score": 74.50754925037494,
    "mean_cold_trap_score": 77.24731872616843
  },
  "source_layers": [
    "data\\processed\\derived_layers\\tmc2_south_pole_accessibility_score.tif",
    "data\\processed\\derived_layers\\cold_trap_proxy.tif",
    "data\\processed\\derived_layers\\illumination_availability_proxy.tif"
  ],
  "output_image": "data\\processed\\demo_assets\\data_derived_traverse_focus.png",
  "note": "This is a solar-aware screening route for demo planning. It is data-derived but still needs geodetic distance calibration, obstacle inflation, and rover dynamics before mission use.",
  "profile": {
    "width": 3874,
    "height": 4096,
    "bounds": [
      -156232.75,
      40890.265625,
      -362.75,
      205660.265625
    ],
    "transform": [
      40.23489932885906,
      0.0,
      -156232.75,
      0.0,
      -40.22705078125,
      205660.265625
    ],
    "crs": "PROJCS[\"Polar StereoGraphic\",GEOGCS[\"Polar StereoGraphic\",DATUM[\"Moon Spheroid\",SPHEROID[\"Moon Spheroid\",1737400,0]],PRIMEM[\"Reference_Meridian\",0],UNIT[\"degree\",0.0174532925199433,AUTHORITY[\"EPSG\",\"9122\"]]],PROJECTION[\"Polar_Stereographic\"],PARAMETER[\"latitude_of_origin\",-90],PARAMETER[\"central_meridian\",0],PARAMETER[\"false_easting\",0],PARAMETER[\"false_northing\",0],UNIT[\"metre\",1],AXIS[\"Easting\",NORTH],AXIS[\"Northing\",NORTH]]",
    "scale": 7.876923076923077
  }
}